retransmissions,average_rtt_ms,final_cwnd,average_cwnd
10,130.96601941747574,1024.0,65115.66106442577
